{
  "mean_score": {
    "point": 0.006226563646610694,
    "boot_99CI": [
      -0.07825592179533157,
      0.08657623483731466
    ],
    "boot_90CI": [
      -0.03852200678141578,
      0.05871103966076426
    ],
    "n_boot": 1750
  },
  "pct_binary": {
    "point": 0.17573901801749459,
    "boot_99CI": [
      0.16095873512897563,
      0.22578655063737224
    ],
    "boot_90CI": [
      0.16717856848084983,
      0.22180509301004367
    ],
    "n_boot": 1770
  },
  "pct_ai_edited_or_ai": {
    "point": 0.1666692792596276,
    "boot_99CI": [
      0.14759194380789536,
      0.21332452432057616
    ],
    "boot_90CI": [
      0.15508257169603684,
      0.20733092863192557
    ],
    "n_boot": 1743
  }
}