{
  "its": {
    "Flesch Reading Ease": {
      "step": -3.071104472562158,
      "ci_lo": -3.6206874547504984,
      "ci_hi": -2.5215214903738175,
      "p": 6.470802029777953e-28
    },
    "Flesch-Kincaid Grade Level": {
      "step": 0.49133185194059126,
      "ci_lo": 0.38524619291842793,
      "ci_hi": 0.5974175109627546,
      "p": 1.1109564631043108e-19
    },
    "Gunning FOG Index": {
      "step": 0.4595673652705951,
      "ci_lo": 0.3594425920492227,
      "ci_hi": 0.5596921384919675,
      "p": 2.3381421554727846e-19
    },
    "SMOG Index": {
      "step": 0.34582144772709467,
      "ci_lo": 0.2743875406008053,
      "ci_hi": 0.41725535485338405,
      "p": 2.344784158678484e-21
    },
    "Nominalization rate": {
      "step": 0.0024493697785096177,
      "ci_lo": 0.002195753557010719,
      "ci_hi": 0.0027029860000085163,
      "p": 6.592237426587237e-80
    },
    "Passive-voice rate": {
      "step": -0.018532329575899877,
      "ci_lo": -0.022996327013206055,
      "ci_hi": -0.014068332138593698,
      "p": 4.05829196828023e-16
    },
    "Hedging rate (Hyland)": {
      "step": -0.007395959371845207,
      "ci_lo": -0.013391395675223596,
      "ci_hi": -0.001400523068466819,
      "p": 0.01561431228703897
    }
  },
  "pearson_r_vs_editlens": {
    "Flesch Reading Ease": {
      "r": -0.3065378486056101,
      "p": 0.0
    },
    "Flesch-Kincaid Grade Level": {
      "r": 0.20455157157538495,
      "p": 1.7958434200690192e-202
    },
    "Gunning FOG Index": {
      "r": 0.16453886925657019,
      "p": 9.57854087006741e-131
    },
    "SMOG Index": {
      "r": 0.1785833060091237,
      "p": 4.920368512271914e-154
    },
    "Nominalization rate": {
      "r": 0.04964262096086206,
      "p": 2.991406630215911e-13
    },
    "Passive-voice rate": {
      "r": -0.14610280189944125,
      "p": 3.303999682672991e-103
    },
    "Hedging rate (Hyland)": {
      "r": -0.029274676210312944,
      "p": 1.7074804591246845e-05
    }
  }
}