{
  "model_id": "pangram/editlens_roberta-large",
  "calibration_window": [
    2007,
    2017
  ],
  "n_calibration": 8765,
  "thresholds": {
    "P50": 0.02224908210337162,
    "P85": 0.06076212897896766,
    "P90": 0.07622101157903673,
    "P95": 0.10508909821510304,
    "P99": 0.19821832358837152
  },
  "calibration_moments": {
    "mean": 0.035636803824975194,
    "median": 0.02224908210337162,
    "std": 0.039659677975923145
  },
  "ITS_at_2025": {
    "pct_above_P95": {
      "level_at_intervention": 0.18941454647653005,
      "p_level": 1.4812857389274315e-28,
      "level_99CI": [
        0.1454006859023011,
        0.233428407050759
      ],
      "slope_change": 0.2290024787038912,
      "p_slope": 0.0
    },
    "pct_any_ai_native": {
      "level_at_intervention": 0.10493003816908937,
      "p_level": 2.437722835440614e-92,
      "level_99CI": [
        0.0916689386193944,
        0.11819113771878434
      ],
      "slope_change": 0.19665092033239356,
      "p_slope": 0.0
    },
    "pct_full_ai_native": {
      "level_at_intervention": 0.034055240008482666,
      "p_level": 0.0,
      "level_99CI": [
        0.032800748831931834,
        0.0353097311850335
      ],
      "slope_change": 0.08957206607852282,
      "p_slope": 0.0
    },
    "mean": {
      "level_at_intervention": 0.06424038731724332,
      "p_level": 2.65610240023865e-99,
      "level_99CI": [
        0.0564173050842593,
        0.07206346955022735
      ],
      "slope_change": 0.11537880265278791,
      "p_slope": 0.0
    }
  },
  "locked_at": "2026-05-01T16:50:58.838987Z"
}