{
  "model_id": "pangram/editlens_Llama-3.2-3B",
  "calibration_window": [
    2007,
    2017
  ],
  "n_calibration": 8765,
  "thresholds": {
    "P50": 0.013580339960753918,
    "P85": 0.03307112529873848,
    "P90": 0.042407473176717767,
    "P95": 0.05917331203818318,
    "P99": 0.14687046051025415
  },
  "ITS_at_2025": {
    "pct_above_P95": {
      "level_at_intervention": 0.33200645588981326,
      "p_level": 2.3688321815570034e-08,
      "level_99CI": [
        0.17881895703827444,
        0.4851939547413521
      ],
      "slope_change": 0.1677170774925096,
      "p_slope": 0.0
    },
    "pct_any_ai_native": {
      "level_at_intervention": 0.295598996184599,
      "p_level": 8.470028797461813e-70,
      "level_99CI": [
        0.25248477714242007,
        0.33871321522677794
      ],
      "slope_change": 0.2712781860945936,
      "p_slope": 0.0
    },
    "pct_full_ai_native": {
      "level_at_intervention": 0.04890293409694386,
      "p_level": 0.0,
      "level_99CI": [
        0.04687348078922415,
        0.05093238740466356
      ],
      "slope_change": 0.2535346401728995,
      "p_slope": 0.0
    },
    "mean": {
      "level_at_intervention": 0.1306001963209362,
      "p_level": 2.8122780591884857e-54,
      "level_99CI": [
        0.10891557918763045,
        0.15228481345424194
      ],
      "slope_change": 0.23218480529014562,
      "p_slope": 0.0
    }
  },
  "locked_at": "2026-05-01T18:51:21.198380Z"
}